first_name,second_name,goals_scored,attempted_passes,assists,total_points,minutes,goals_conceded,creativity,influence,threat,bonus,bps,ict_index,clean_sheets,red_cards,yellow_cards,selected_by_percent,now_cost,element_type
Shkodran,Mustafi,0,,0,0,0,0,0.0,0.0,0.0,0,0,0.0,0,0,0,0.4,53,2
Héctor,Bellerín,0,,0,0,0,0,0.0,0.0,0.0,0,0,0.0,0,0,0,0.2,54,2
Sead,Kolasinac,0,,1,8,379,7,74.1,79.2,23.0,0,68,17.6,0,0,1,0.8,54,2
Ainsley,Maitland-Niles,0,,2,17,490,10,108.2,136.4,31.0,3,92,27.1,1,1,0,5.5,51,2
Sokratis,Papastathopoulos,0,,0,15,630,11,23.3,132.6,10.0,2,102,16.6,1,0,1,1.8,50,2
Nacho,Monreal,0,,0,10,270,4,40.8,47.2,12.0,1,54,10.0,1,0,0,0.3,50,2
Laurent,Koscielny,0,,0,0,0,0,0.0,0.0,0.0,0,0,0.0,0,0,0,0.1,50,2
Konstantinos,Mavropanos,0,,0,0,0,0,0.0,0.0,0.0,0,0,0.0,0,0,0,0.0,44,2
Carl,Jenkinson,0,,0,0,0,0,0.0,0.0,0.0,0,0,0.0,0,0,0,0.0,45,2
Rob,Holding,0,,0,0,0,0,0.0,0.0,0.0,0,0,0.0,0,0,0,0.2,45,2
Pierre-Emerick,Aubameyang,7,,1,53,630,11,106.8,280.4,337.0,10,215,72.3,1,0,2,25.6,110,4
Alexandre,Lacazette,2,,0,14,145,3,24.4,78.8,129.0,2,49,23.3,0,0,1,1.5,93,4
Edward,Nketiah,0,,0,0,0,0,0.0,0.0,0.0,0,0,0.0,0,0,0,0.8,44,4
Bernd,Leno,0,,0,21,630,11,0.0,194.4,0.0,1,130,19.4,1,0,2,6.1,50,1
Mesut,Özil,0,,0,2,70,1,18.8,6.4,2.0,0,15,2.7,0,0,0,0.7,73,3
Henrikh,Mkhitaryan,0,,0,4,110,0,33.9,5.4,46.0,0,3,8.6,1,0,1,0.9,68,3
Granit,Xhaka,0,,0,9,521,10,84.7,90.0,25.0,0,65,20.0,1,0,4,0.8,53,3
Lucas,Torreira,1,,0,12,193,4,65.9,72.0,89.0,0,48,22.7,0,0,0,1.5,48,3
Mohamed,Elneny,0,,0,0,0,0,0.0,0.0,0.0,0,0,0.0,0,0,0,0.7,43,3
Matteo,Guendouzi,0,,2,21,601,10,95.0,135.2,72.0,2,106,30.3,1,0,2,10.7,46,3
David,Luiz Moreira Marinho,0,,0,6,540,11,17.0,141.6,26.0,0,77,18.5,0,0,2,5.3,58,2
Emiliano,Martínez,0,,0,0,0,0,0.0,0.0,0.0,0,0,0.0,0,0,0,0.3,44,1
Calum,Chambers,1,,0,14,225,2,24.0,67.8,35.0,0,52,12.7,1,0,1,1.0,44,2
Daniel,Ceballos Fernández,0,,2,19,360,7,101.1,87.8,53.0,3,73,24.1,0,0,0,9.6,56,3
Nicolas,Pépé,1,,1,21,497,10,156.8,113.0,221.0,2,76,49.2,0,0,1,3.3,93,3
Reiss,Nelson,0,,0,5,150,2,50.3,27.2,67.0,0,15,14.5,1,0,1,0.1,53,3
Joseph,Willock,0,,0,10,291,5,79.4,41.4,52.0,0,45,17.3,1,0,0,0.2,50,3
Gabriel Teodoro,Martinelli Silva,0,,0,1,6,0,0.5,1.0,0.0,0,2,0.2,0,0,0,1.4,45,4
Kieran,Tierney,0,,0,0,0,0,0.0,0.0,0.0,0,0,0.0,0,0,0,0.6,54,2
Bukayo,Saka,0,,1,6,124,2,45.3,40.2,46.0,0,22,13.2,0,0,0,0.6,45,3
Ahmed,El Mohamady,0,,0,7,230,7,88.2,61.0,2.0,3,53,15.1,0,0,0,1.2,43,2
James,Chester,0,,0,0,0,0,0.0,0.0,0.0,0,0,0.0,0,0,0,0.1,44,2
Neil,Taylor,0,,0,16,568,11,27.5,90.8,26.0,0,95,14.5,2,0,1,0.3,45,2
Kortney,Hause,0,,0,0,0,0,0.0,0.0,0.0,0,0,0.0,0,0,0,0.1,45,2
Jonathan,Kodjia,0,,0,1,16,2,0.0,0.0,2.0,0,4,0.2,0,0,0,0.1,54,4
Ørjan,Nyland,0,,0,0,0,0,0.0,0.0,0.0,0,0,0.0,0,0,0,0.2,44,1
Conor,Hourihane,0,,0,6,195,4,51.5,28.4,63.0,0,34,14.3,0,0,0,0.1,57,3
Jack,Grealish,0,,2,22,630,11,225.5,163.0,77.0,2,118,46.6,2,0,2,3.7,59,3
Anwar,El Ghazi,2,,1,25,421,9,86.2,127.2,175.0,0,75,39.0,1,0,0,0.6,55,3
John,McGinn,3,,1,38,630,11,141.1,223.4,193.0,4,125,55.7,2,0,0,10.8,58,3
Andre,Green,0,,0,0,0,0,0.0,0.0,0.0,0,0,0.0,0,0,0,0.0,49,3
Birkir,Bjarnason,0,,0,0,0,0,0.0,0.0,0.0,0,0,0.0,0,0,0,0.1,45,3
Keinan,Davis,0,,0,4,41,1,22.2,9.2,4.0,0,13,3.3,0,0,0,0.3,45,3
Henri,Lansbury,0,,0,2,9,0,1.1,2.2,4.0,0,5,0.8,0,0,0,0.7,44,3
José Ignacio,Peleteiro Romallo,0,,1,12,245,3,53.7,41.8,21.0,0,32,11.6,2,0,0,0.2,59,3
Tom,Heaton,0,,0,21,630,11,0.0,106.8,0.0,0,106,10.6,2,0,0,6.8,45,1
Matt,Targett,0,,0,9,61,0,17.2,11.2,2.0,3,31,3.0,1,0,0,0.4,44,2
Wesley,Moraes,2,,0,26,604,9,55.1,101.6,198.0,4,74,35.4,2,0,0,1.8,60,4
Jed,Steer,0,,0,0,0,0,0.0,0.0,0.0,0,0,0.0,0,0,0,0.1,44,1
Tyrone,Mings,0,,1,23,630,11,26.3,208.6,12.0,3,140,24.7,2,0,1,6.0,46,2
Ezri,Konsa Ngoyo,0,,0,0,0,0,0.0,0.0,0.0,0,0,0.0,0,0,0,0.1,44,2
Bjorn,Engels,0,,0,21,630,11,3.2,127.6,11.0,4,111,14.3,2,0,1,1.1,45,2
Frédéric,Guilbert,0,,1,17,444,6,59.9,85.2,29.0,0,68,17.4,2,0,2,0.8,44,2
Mahmoud Ahmed,Ibrahim Hassan,0,,1,8,369,5,73.0,69.2,169.0,0,10,30.9,1,1,2,1.1,53,3
Douglas Luiz,Soares de Paulo,1,,0,16,267,4,40.5,79.6,16.0,2,56,13.7,2,0,1,3.9,45,3
Lovre,Kalinic,0,,0,0,0,0,0.0,0.0,0.0,0,0,0.0,0,0,0,0.1,44,1
Marvelous,Nakamba,0,,0,7,254,5,35.8,56.6,7.0,0,49,10.0,1,0,0,1.2,44,3
Steve,Cook,0,,0,10,630,12,21.4,169.2,8.0,0,93,19.9,0,0,1,0.2,50,2
Nathan,Aké,1,,1,20,630,12,34.7,203.0,114.0,1,128,35.1,0,0,1,12.0,49,2
Charlie,Daniels,0,,0,3,126,2,29.6,22.4,0.0,0,18,5.2,0,0,0,0.1,44,2
Chris,Mepham,1,,0,13,271,7,2.5,91.6,72.0,2,53,16.6,0,0,0,1.2,45,2
Simon,Francis,0,,0,1,1,0,0.3,0.4,0.0,0,3,0.1,0,0,0,0.0,44,2
Adam,Smith,0,,0,5,310,7,10.0,26.6,63.0,0,39,9.9,0,0,1,0.5,44,2
Lloyd,Kelly,0,,0,0,0,0,0.0,0.0,0.0,0,0,0.0,0,0,0,0.1,44,2
Diego,Rico,0,,2,12,360,5,149.7,112.8,11.0,0,80,27.4,0,0,1,10.9,41,2
Jack,Simpson,0,,0,0,0,0,0.0,0.0,0.0,0,0,0.0,0,0,0,6.9,40,2
Callum,Wilson,5,,3,46,607,12,112.4,205.0,258.0,4,159,57.7,0,0,1,11.8,79,4
Joshua,King,2,,3,36,618,12,114.7,168.6,147.0,5,108,43.0,0,0,0,9.1,63,4
Dominic,Solanke,0,,0,10,318,5,39.5,20.0,117.0,0,17,17.7,0,0,0,0.4,54,4
Sam,Surridge,0,,0,0,0,0,0.0,0.0,0.0,0,0,0.0,0,0,0,0.6,44,4
Asmir,Begovic,0,,0,0,0,0,0.0,0.0,0.0,0,0,0.0,0,0,0,1.3,43,1
Artur,Boruc,0,,0,0,0,0,0.0,0.0,0.0,0,0,0.0,0,0,0,0.3,44,1
Mark,Travers,0,,0,0,0,0,0.0,0.0,0.0,0,0,0.0,0,0,0,0.2,44,1
Ryan,Fraser,1,,1,19,420,8,104.1,89.2,67.0,2,66,25.9,0,0,1,4.6,72,3
David,Brooks,0,,0,0,0,0,0.0,0.0,0.0,0,0,0.0,0,0,0,0.1,63,3
Junior,Stanislas,0,,0,0,0,0,0.0,0.0,0.0,0,0,0.0,0,0,0,0.0,59,3
Jordon,Ibe,0,,0,2,48,1,5.4,6.8,0.0,0,10,1.2,0,0,0,0.2,48,3
Lewis,Cook,0,,0,4,90,1,1.3,8.8,0.0,0,15,1.0,0,0,0,0.0,50,3
Andrew,Surman,0,,0,3,57,1,2.2,6.4,0.0,0,9,0.9,0,0,0,0.0,48,3
Dan,Gosling,0,,0,0,0,0,0.0,0.0,0.0,0,0,0.0,0,0,0,0.0,49,3
Jefferson,Lerma,0,,0,9,553,11,22.1,74.2,10.0,0,69,10.6,0,0,4,0.2,48,3
Jack,Stacey,0,,0,4,268,4,13.7,49.6,2.0,0,37,6.6,0,0,1,0.1,44,2
Philip,Billing,0,,1,14,583,11,57.6,124.6,92.0,0,85,27.4,0,0,2,0.2,50,3
Arnaut,Danjuma Groeneveld,0,,0,1,13,0,0.3,4.8,0.0,0,4,0.5,0,0,0,0.0,58,3
Aaron,Ramsdale,0,,1,23,630,12,10.0,201.4,0.0,3,130,21.2,0,0,0,0.8,45,1
Harry,Wilson,3,,0,25,386,9,69.1,121.0,115.0,1,92,30.7,0,0,1,3.7,61,3
Shane,Duffy,0,,0,11,360,4,1.6,64.2,13.0,0,65,7.9,1,0,0,1.4,49,2
Martín,Montoya,0,,0,15,540,9,87.2,94.2,18.0,0,86,20.0,2,0,1,0.7,45,2
Bernardo,Fernandes da Silva Junior,0,,0,2,67,3,16.2,10.8,2.0,0,14,2.9,0,0,0,0.1,44,2
Leon,Balogun,0,,0,0,0,0,0.0,0.0,0.0,0,0,0.0,0,0,0,0.1,44,2
Gaëtan,Bong,0,,0,2,55,3,27.4,15.4,6.0,0,12,4.9,0,0,0,0.1,44,2
Lewis,Dunk,0,,1,23,630,10,17.1,138.0,48.0,5,136,20.4,2,0,3,10.2,46,2
Matthew,Clarke,0,,0,0,0,0,0.0,0.0,0.0,0,0,0.0,0,0,0,0.0,44,2
Glenn,Murray,0,,0,9,265,3,28.7,6.8,45.0,0,9,7.7,2,0,0,1.1,57,4
Jürgen,Locadia,0,,0,3,85,1,1.3,3.2,30.0,0,5,3.3,1,0,0,0.1,53,4
Florin,Andone,1,,0,5,71,2,11.3,45.0,21.0,1,20,7.6,0,1,0,0.6,49,4
Mathew,Ryan,0,,0,28,630,10,0.0,179.6,0.0,6,146,18.0,2,0,0,12.8,46,1
David,Button,0,,0,0,0,0,0.0,0.0,0.0,0,0,0.0,0,0,0,24.9,40,1
Pascal,Groß,0,,1,18,445,6,243.2,59.2,82.0,1,78,38.5,2,0,0,0.6,64,3
Alireza,Jahanbakhsh,0,,0,0,0,0,0.0,0.0,0.0,0,0,0.0,0,0,0,0.1,58,3
José Heriberto,Izquierdo Mena,0,,0,0,0,0,0.0,0.0,0.0,0,0,0.0,0,0,0,0.0,54,3
Anthony,Knockaert,0,,0,0,0,0,0.0,0.0,0.0,0,0,0.0,0,0,0,0.0,54,3
Yves,Bissouma,0,,0,2,53,0,8.7,5.2,7.0,0,5,2.1,0,0,0,0.0,50,3
Davy,Pröpper,0,,1,17,540,8,91.2,102.2,72.0,0,80,26.6,2,0,0,0.6,50,3
Solomon,March,0,,1,18,426,6,114.1,97.0,91.0,3,76,30.3,2,0,0,0.4,49,3
Beram,Kayal,0,,0,0,0,0,0.0,0.0,0.0,0,0,0.0,0,0,0,0.1,44,3
Dale,Stephens,0,,0,16,617,9,55.1,113.2,53.0,0,101,22.2,2,0,0,2.9,45,3
Leandro,Trossard,1,,0,11,247,6,87.1,57.8,111.0,0,40,25.5,0,0,0,0.2,58,3
Dan,Burn,0,,0,18,630,10,80.2,119.0,51.0,0,102,24.9,2,0,0,0.2,45,2
Adam,Webster,0,,0,10,360,7,36.5,75.0,12.0,2,65,12.3,1,0,1,0.1,44,2
Neal,Maupay,2,,0,22,430,6,42.6,79.6,271.0,3,61,39.3,2,0,1,0.5,60,4
Aaron,Mooy,0,,0,7,148,2,17.2,32.0,9.0,0,29,5.8,1,0,0,0.2,49,3
Aaron,Connolly,0,,0,4,75,3,5.8,3.4,39.0,0,5,4.8,0,0,0,0.5,45,4
Tudor,Baluta,0,,0,0,0,0,0.0,0.0,0.0,0,0,0.0,0,0,0,0.1,40,2
Steven,Alzate,0,,0,4,180,2,30.9,18.8,28.0,0,21,7.8,1,0,1,0.0,45,3
Ezequiel,Schelotto,0,,0,0,0,0,0.0,0.0,0.0,0,0,0.0,0,0,0,0.0,40,2
Ben,Mee,0,,0,19,630,9,21.6,134.0,44.0,0,99,20.0,2,0,0,1.0,50,2
James,Tarkowski,0,,0,17,630,9,12.0,137.6,100.0,0,97,24.9,2,0,2,1.6,50,2
Matthew,Lowton,0,,1,22,630,9,131.5,141.2,9.0,0,118,28.3,2,0,0,1.0,45,2
Phil,Bardsley,0,,0,0,0,0,0.0,0.0,0.0,0,0,0.0,0,0,0,0.1,44,2
Charlie,Taylor,0,,0,0,0,0,0.0,0.0,0.0,0,0,0.0,0,0,0,0.6,42,2
Kevin,Long,0,,0,0,0,0,0.0,0.0,0.0,0,0,0.0,0,0,0,0.1,44,2
Ben,Gibson,0,,0,0,0,0,0.0,0.0,0.0,0,0,0.0,0,0,0,2.8,40,2
Ashley,Barnes,4,,0,32,572,7,26.6,147.0,259.0,4,107,42.5,3,0,2,7.2,66,4
Chris,Wood,3,,0,28,575,8,56.6,117.0,252.0,4,85,42.0,2,0,0,1.2,62,4
Matej,Vydra,0,,1,4,12,0,10.8,17.0,2.0,0,12,3.0,0,0,0,0.1,54,4
Nick,Pope,0,,0,25,630,9,20.3,174.2,2.0,1,142,19.6,2,0,0,14.8,46,1
Joe,Hart,0,,0,0,0,0,0.0,0.0,0.0,0,0,0.0,0,0,0,1.4,44,1
Johann Berg,Gudmundsson,1,,0,14,226,2,107.4,67.8,46.0,1,51,22.1,2,0,0,0.6,59,3
Dwight,McNeil,0,,3,26,606,8,153.3,93.4,80.0,0,96,32.6,3,0,0,0.4,60,3
Robbie,Brady,0,,0,2,8,0,0.1,8.0,0.0,0,6,0.8,0,0,0,0.0,55,3
Steven,Defour,0,,0,0,0,0,0.0,0.0,0.0,0,0,0.0,0,0,0,0.0,55,3
Jeff,Hendrick,1,,0,13,215,3,6.3,44.8,64.0,1,34,11.5,1,0,0,0.1,54,3
Ashley,Westwood,0,,1,19,630,9,182.0,97.0,19.0,2,88,29.7,2,0,2,0.5,54,3
Jack,Cork,0,,0,15,572,8,53.5,66.2,106.0,0,74,22.6,2,0,0,0.2,50,3
Daniel,Drinkwater,0,,0,0,0,0,0.0,0.0,0.0,0,0,0.0,0,0,0,0.9,45,3
Aaron,Lennon,0,,0,5,207,5,6.0,15.2,6.0,0,15,2.8,0,0,2,0.1,48,3
Erik,Pieters,0,,3,33,630,9,101.8,168.4,3.0,5,155,27.3,2,0,0,12.7,48,2
Jay,Rodriguez,1,,0,10,144,4,11.7,42.2,46.0,0,34,10.0,0,0,1,0.2,57,4
Bailey,Peacock-Farrell,0,,0,0,0,0,0.0,0.0,0.0,0,0,0.0,0,0,0,0.1,45,1
Marcos,Alonso,0,,1,11,256,3,88.2,58.8,44.0,0,67,19.0,1,0,2,2.7,62,2
Antonio,Rüdiger,0,,0,1,45,0,0.9,6.6,49.0,0,9,5.7,0,0,0,0.1,60,2
César,Azpilicueta,0,,2,19,630,13,180.4,174.0,45.0,1,130,40.0,1,0,0,6.2,59,2
Emerson,Palmieri dos Santos,0,,0,5,374,10,98.9,102.4,74.0,0,74,27.6,0,0,0,0.9,55,2
Andreas,Christensen,0,,0,8,491,11,17.1,110.4,19.0,0,88,14.7,1,0,2,1.0,50,2
Davide,Zappacosta,0,,0,0,0,0,0.0,0.0,0.0,0,0,0.0,0,0,0,0.2,43,2
Olivier,Giroud,0,,0,4,100,2,46.8,12.4,21.0,0,13,7.9,1,0,0,1.2,67,4
Kepa,Arrizabalaga,0,,0,14,630,13,0.0,121.0,0.0,0,111,12.1,1,0,0,4.9,55,1
Willy,Caballero,0,,0,0,0,0,0.0,0.0,0.0,0,0,0.0,0,0,0,0.2,49,1
Willian,Borges Da Silva,1,,0,17,325,5,34.3,69.0,97.0,2,67,20.0,1,0,0,1.3,70,3
Pedro,Rodríguez Ledesma,0,,0,7,242,5,95.7,48.4,114.0,0,28,25.8,1,0,0,1.5,69,3
Ruben,Loftus-Cheek,0,,0,0,0,0,0.0,0.0,0.0,0,0,0.0,0,0,0,0.1,64,3
Callum,Hudson-Odoi,0,,1,4,27,0,13.9,21.4,0.0,0,16,3.5,0,0,0,0.7,59,3
Ross,Barkley,0,,0,8,293,5,123.7,55.6,151.0,0,35,33.1,1,0,0,2.0,56,3
Jorge Luiz,Frello Filho,1,,2,28,592,12,144.3,155.8,42.0,5,146,34.4,1,0,3,5.0,50,3
N'Golo,Kanté,1,,0,10,197,4,22.8,66.8,28.0,1,35,11.7,0,0,1,4.8,50,3
Ethan,Ampadu,0,,0,0,0,0,0.0,0.0,0.0,0,0,0.0,0,0,0,0.0,44,3
Christian,Pulisic,0,,2,13,275,8,55.8,45.0,91.0,0,44,19.2,0,0,0,3.4,72,3
Mateo,Kovacic,0,,1,14,462,10,90.5,84.0,36.0,0,108,21.0,0,0,1,1.0,54,3
Kurt,Zouma,0,,0,2,453,11,4.7,64.4,35.0,0,48,9.9,0,0,1,1.6,48,2
Tammy,Abraham,7,,0,46,486,9,102.7,255.0,297.0,9,173,65.3,1,0,2,38.3,76,4
Michy,Batshuayi,0,,1,7,39,2,11.2,15.4,65.0,0,6,8.7,0,0,0,0.4,66,4
Robert Kenedy,Nunes do Nascimento,0,,0,0,0,0,0.0,0.0,0.0,0,0,0.0,0,0,0,0.0,53,3
Mason,Mount,3,,1,39,630,13,212.3,188.4,206.0,6,139,60.8,1,0,0,31.1,67,3
Reece,James,0,,0,0,0,0,0.0,0.0,0.0,0,0,0.0,0,0,0,0.1,50,2
Fikayo,Tomori,1,,0,17,360,6,26.5,123.2,29.0,3,91,18.0,1,0,1,4.4,46,2
Billy,Gilmour,0,,0,1,6,1,0.8,0.4,0.0,0,1,0.1,0,0,0,0.0,45,3
Addji Keaninkin Marc-Israel,Guehi,0,,0,0,0,0,0.0,0.0,0.0,0,0,0.0,0,0,0,0.0,40,2
Patrick,van Aanholt,1,,0,30,630,7,56.6,117.8,61.0,2,112,23.4,3,0,0,11.4,56,2
James,Tomkins,0,,0,0,0,0,0.0,0.0,0.0,0,0,0.0,0,0,0,0.0,50,2
Mamadou,Sakho,0,,0,3,191,5,10.8,29.4,4.0,0,30,4.5,0,0,0,0.1,50,2
Joel,Ward,0,,1,31,630,7,47.4,142.8,21.0,5,133,21.2,3,0,1,3.5,46,2
Scott,Dann,0,,0,8,180,1,0.4,37.2,69.0,0,37,10.7,1,0,0,0.2,44,2
Martin,Kelly,0,,0,22,438,2,1.3,80.0,4.0,0,90,8.5,3,0,0,25.3,41,2
Christian,Benteke,0,,0,8,231,3,60.9,35.6,84.0,0,33,18.0,1,0,0,0.7,58,4
Connor,Wickham,0,,0,2,15,0,0.8,0.0,2.0,0,3,0.2,0,0,0,3.7,45,4
Vicente,Guaita,0,,0,27,630,7,0.0,139.4,0.0,2,130,13.9,3,0,1,0.8,50,1
Wayne,Hennessey,0,,0,0,0,0,0.0,0.0,0.0,0,0,0.0,0,0,0,0.7,44,1
Wilfried,Zaha,0,,1,17,565,7,100.0,105.4,268.0,0,43,47.3,2,0,1,9.5,68,3
Luka,Milivojevic,1,,0,20,630,7,223.9,124.6,50.0,3,81,39.8,3,0,5,2.9,67,3
Andros,Townsend,1,,0,15,279,6,42.3,93.8,35.0,0,76,17.1,1,0,0,1.7,57,3
Max,Meyer,0,,0,5,155,1,4.0,17.8,57.0,0,16,7.9,1,0,1,0.1,53,3
Jeffrey,Schlupp,0,,1,17,457,5,49.0,82.2,129.0,1,52,26.0,3,0,1,0.1,55,3
James,McArthur,0,,1,18,511,2,85.6,77.6,72.0,0,71,23.6,4,0,1,0.8,53,3
Cheikhou,Kouyaté,0,,0,12,406,5,30.9,37.0,75.0,0,29,14.0,3,0,1,0.1,49,3
Luke,Dreher,0,,0,0,0,0,0.0,0.0,0.0,0,0,0.0,0,0,0,0.1,44,3
James,McCarthy,0,,0,4,59,2,22.6,16.6,0.0,0,14,3.9,0,0,1,0.6,44,3
Jordan,Ayew,2,,0,23,450,4,71.8,93.2,182.0,6,73,34.7,5,0,3,7.9,51,4
Gary,Cahill,0,,0,16,450,6,12.7,101.8,88.0,1,88,20.4,2,0,1,1.8,45,2
Víctor,Camarasa,0,,0,1,5,0,0.1,0.2,0.0,0,3,0.0,0,0,0,0.3,47,3
Jairo,Riedewald,0,,0,0,0,0,0.0,0.0,0.0,0,0,0.0,0,0,0,0.0,45,3
Alex,Iwobi,1,,0,15,295,9,81.9,76.0,108.0,2,57,26.6,0,0,0,1.7,59,3
Lucas,Digne,0,,2,25,612,12,222.6,139.2,116.0,3,133,47.8,2,0,1,23.1,60,2
Yerry,Mina,0,,0,18,630,12,5.0,138.8,145.0,4,121,28.9,2,0,1,3.5,55,2
Michael,Keane,0,,0,19,630,12,15.2,131.6,14.0,2,119,16.1,2,0,0,3.0,55,2
Seamus,Coleman,0,,1,21,610,11,71.3,114.2,92.0,2,128,27.8,2,0,2,2.6,54,2
Leighton,Baines,0,,0,0,0,0,0.0,0.0,0.0,0,0,0.0,0,0,0,0.1,49,2
Cenk,Tosun,0,,0,1,35,1,10.0,2.0,20.0,0,2,3.2,0,0,0,0.1,57,4
Dominic,Calvert-Lewin,2,,0,18,403,7,17.5,74.6,155.0,0,55,24.7,2,0,1,1.1,58,4
Jordan,Pickford,0,,0,22,630,12,0.0,137.8,0.0,1,122,13.8,2,0,0,9.7,55,1
Maarten,Stekelenburg,0,,0,0,0,0,0.0,0.0,0.0,0,0,0.0,0,0,0,9.3,40,1
Richarlison,de Andrade,2,,1,31,579,11,96.8,160.8,218.0,3,101,47.6,2,0,1,7.2,79,3
Gylfi,Sigurdsson,0,,1,19,569,10,273.5,98.2,154.0,0,87,52.6,2,0,0,3.9,76,3
Bernard,Anício Caldeira Duarte,1,,0,17,328,3,73.8,72.2,91.0,3,52,23.6,2,0,2,1.0,65,3
Theo,Walcott,0,,0,5,73,2,8.0,11.8,45.0,0,9,6.4,0,0,0,0.4,62,3
Tom,Davies,0,,0,2,20,1,0.9,4.0,0.0,0,5,0.5,0,0,0,0.1,53,3
Ademola,Lookman,0,,0,0,0,0,0.0,0.0,0.0,0,0,0.0,0,0,0,0.0,50,3
Idrissa,Gueye,0,,0,0,0,0,0.0,0.0,0.0,0,0,0.0,0,0,0,0.0,50,3
Morgan,Schneiderlin,0,,0,5,389,8,25.6,52.2,4.0,0,50,8.3,1,1,2,0.9,45,3
Fabian,Delph,0,,0,2,360,10,40.8,63.0,0.0,0,46,10.3,0,0,2,0.3,54,2
André Filipe,Tavares Gomes,0,,0,6,315,4,59.9,42.8,5.0,0,40,10.8,1,0,2,0.4,53,3
Lewis,Gibson,0,,0,0,0,0,0.0,0.0,0.0,0,0,0.0,0,0,0,0.2,44,2
Mason,Holgate,0,,0,1,17,0,0.1,7.4,0.0,0,6,0.8,0,0,0,0.2,44,2
Jonas,Lössl,0,,0,0,0,0,0.0,0.0,0.0,0,0,0.0,0,0,0,0.4,44,1
Moise,Kean,0,,1,12,267,7,45.2,21.2,119.0,0,32,18.3,0,0,0,1.9,66,4
Jean-Philippe,Gbamin,0,,0,4,135,0,6.3,20.0,0.0,0,14,2.6,1,0,0,0.0,49,3
Djibril,Sidibé,0,,0,0,0,0,0.0,0.0,0.0,0,0,0.0,0,0,0,0.2,53,2
Ricardo Domingos,Barbosa Pereira,2,,0,39,630,5,84.0,218.2,51.0,5,138,35.3,2,0,0,7.9,61,2
Benjamin,Chilwell,0,,1,20,450,3,86.6,90.2,28.0,0,94,20.5,2,0,1,4.0,54,2
Jonny,Evans,0,,1,29,630,5,13.7,161.0,39.0,4,146,21.4,2,0,0,1.8,50,2
Christian,Fuchs,0,,0,5,184,2,28.6,33.4,2.0,0,21,6.4,0,0,0,0.4,45,2
Çaglar,Söyüncü,0,,1,25,630,5,14.2,158.2,15.0,0,150,18.8,2,0,0,6.4,46,2
Wes,Morgan,0,,0,1,12,0,0.0,9.0,0.0,0,5,0.9,0,0,0,0.8,43,2
Jamie,Vardy,5,,1,44,630,5,57.9,197.8,199.0,8,142,45.1,2,0,1,9.3,89,4
Kelechi,Iheanacho,0,,0,0,0,0,0.0,0.0,0.0,0,0,0.0,0,0,0,0.2,58,4
Kasper,Schmeichel,0,,0,25,630,5,10.0,138.0,0.0,0,118,14.8,2,0,0,6.9,50,1
Eldin,Jakupovic,0,,0,0,0,0,0.0,0.0,0.0,0,0,0.0,0,0,0,0.1,44,1
Danny,Ward,0,,0,0,0,0,0.0,0.0,0.0,0,0,0.0,0,0,0,0.2,44,1
James,Maddison,1,,2,27,535,5,198.6,112.2,169.0,4,84,47.9,1,0,1,10.2,71,3
Harvey,Barnes,1,,1,16,285,2,71.4,79.0,119.0,0,64,27.2,0,0,0,0.3,59,3
Rachid,Ghezzal,0,,0,0,0,0,0.0,0.0,0.0,0,0,0.0,0,0,0,0.0,53,3
Marc,Albrighton,0,,1,7,119,1,81.8,34.2,18.0,0,35,13.4,0,0,1,0.2,53,3
Demarai,Gray,0,,0,4,107,1,40.0,17.4,34.0,0,13,9.2,0,0,1,0.3,53,3
Wilfred,Ndidi,2,,0,27,540,4,57.3,188.6,56.0,3,124,30.3,2,0,0,3.1,50,3
Matty,James,0,,0,0,0,0,0.0,0.0,0.0,0,0,0.0,0,0,0,0.2,44,3
Daniel,Amartey,0,,0,0,0,0,0.0,0.0,0.0,0,0,0.0,0,0,0,0.3,44,3
Nampalys,Mendy,0,,0,1,1,0,0.0,1.2,0.0,0,2,0.1,0,0,0,0.8,44,3
Hamza,Choudhury,0,,1,14,314,3,40.8,72.8,43.0,0,66,15.6,1,0,0,1.1,45,3
Ayoze,Pérez,0,,1,16,413,3,75.3,51.2,99.0,0,46,22.7,2,0,0,3.4,60,3
James,Justin,0,,0,0,0,0,0.0,0.0,0.0,0,0,0.0,0,0,0,0.1,48,2
Youri,Tielemans,1,,1,26,621,5,166.9,111.8,149.0,2,117,42.8,2,0,0,4.3,64,3
Andy,King,0,,0,0,0,0,0.0,0.0,0.0,0,0,0.0,0,0,0,0.3,44,3
Dennis,Praet,0,,1,10,181,1,21.6,19.0,28.0,0,36,6.9,1,0,0,0.1,53,3
Andrew,Robertson,0,,2,31,630,5,165.2,166.6,109.0,3,158,44.1,2,0,0,19.6,69,2
Trent,Alexander-Arnold,1,,3,37,630,5,319.5,216.0,116.0,2,170,65.2,2,0,2,29.7,72,2
Virgil,van Dijk,1,,0,31,630,5,22.8,184.6,76.0,3,136,28.4,2,0,0,47.2,65,2
Joseph,Gomez,0,,0,3,91,1,11.8,15.0,0.0,0,13,2.7,0,0,0,0.9,52,2
Joel,Matip,1,,0,30,540,4,19.6,167.8,35.0,4,125,22.4,2,0,0,5.2,55,2
Dejan,Lovren,0,,0,0,0,0,0.0,0.0,0.0,0,0,0.0,0,0,0,0.2,53,2
Roberto,Firmino,3,,4,46,573,4,131.8,210.2,366.0,9,185,70.8,2,0,0,13.6,96,4
Divock,Origi,1,,1,16,151,3,45.1,53.0,35.0,3,57,13.3,0,0,0,3.0,53,4
Alisson,Ramses Becker,0,,0,1,38,0,0.0,5.6,0.0,0,7,0.6,0,0,0,5.5,58,1
Simon,Mignolet,0,,0,0,0,0,0.0,0.0,0.0,0,0,0.0,0,0,0,0.0,45,1
Mohamed,Salah,4,,3,53,618,4,176.9,222.4,370.0,7,145,76.9,3,0,0,41.0,125,3
Sadio,Mané,4,,1,45,516,3,158.1,206.4,215.0,6,127,57.8,3,0,0,21.6,116,3
Alex,Oxlade-Chamberlain,0,,0,7,195,3,34.9,34.0,42.0,0,40,11.1,0,0,0,0.3,63,3
Xherdan,Shaqiri,0,,0,2,11,0,1.5,1.8,8.0,0,6,1.1,0,0,0,0.3,63,3
Adam,Lallana,0,,0,2,10,0,0.3,2.0,0.0,0,8,0.2,0,0,0,0.1,58,3
Naby,Keita,0,,0,0,0,0,0.0,0.0,0.0,0,0,0.0,0,0,0,0.2,58,3
Fabio Henrique,Tavares,0,,1,18,556,5,127.1,120.4,18.0,2,120,26.6,2,0,2,1.5,55,3
Jordan,Henderson,0,,0,13,397,3,44.3,57.2,69.0,0,68,17.1,2,0,0,0.8,54,3
Georginio,Wijnaldum,1,,0,24,601,4,48.8,79.2,64.0,2,94,19.2,3,0,0,2.4,54,3
James,Milner,0,,1,10,135,1,28.2,29.4,17.0,0,30,7.6,1,0,1,0.6,53,3
Rafael,Camacho,0,,0,0,0,0,0.0,0.0,0.0,0,0,0.0,0,0,0,0.0,45,3
Rhian,Brewster,0,,0,0,0,0,0.0,0.0,0.0,0,0,0.0,0,0,0,0.6,44,4
Adrián,San Miguel del Castillo,0,,0,21,591,5,0.0,85.6,0.0,0,95,8.6,2,0,1,7.0,46,1
Andy,Lonergan,0,,0,0,0,0,0.0,0.0,0.0,0,0,0.0,0,0,0,0.0,44,1
Caoimhin,Kelleher,0,,0,0,0,0,0.0,0.0,0.0,0,0,0.0,0,0,0,0.0,45,1
Aymeric,Laporte,0,,0,9,306,3,27.4,63.0,19.0,0,56,10.9,1,0,1,2.5,63,2
Kyle,Walker,0,,1,20,592,7,92.0,77.2,41.0,0,119,21.1,2,0,2,17.0,60,2
Benjamin,Mendy,0,,0,1,45,0,4.3,1.2,0.0,0,6,0.6,0,0,0,0.5,59,2
Oleksandr,Zinchenko,0,,0,18,540,7,148.3,108.0,32.0,0,111,28.9,2,0,0,9.1,55,2
John,Stones,0,,0,7,180,3,17.3,33.2,2.0,0,50,5.3,1,0,0,1.1,53,2
Nicolás,Otamendi,1,,1,25,512,7,29.5,135.6,206.0,0,114,37.0,2,0,2,8.0,55,2
Danilo Luiz,da Silva,0,,0,0,0,0,0.0,0.0,0.0,0,0,0.0,0,0,0,0.0,50,2
Sergio,Agüero,8,,3,59,470,6,123.1,318.8,346.0,6,248,78.8,2,0,0,29.8,122,4
Gabriel Fernando,de Jesus,2,,1,17,190,1,25.1,86.6,198.0,0,74,30.8,1,0,0,1.5,95,4
Ederson,Santana de Moraes,0,,0,29,630,7,0.0,174.6,0.0,0,141,17.4,3,0,1,21.9,61,1
Claudio,Bravo,0,,0,0,0,0,0.0,0.0,0.0,0,0,0.0,0,0,0,0.3,48,1
Raheem,Sterling,6,,0,46,535,7,180.7,262.8,442.0,4,156,88.6,2,0,2,38.2,121,3
Kevin,De Bruyne,2,,9,63,528,4,413.9,294.8,168.0,10,246,87.8,3,0,0,37.2,100,3
Leroy,Sané,0,,0,0,0,0,0.0,0.0,0.0,0,0,0.0,0,0,0,0.3,93,3
Riyad,Mahrez,2,,5,45,398,1,262.4,218.4,202.0,6,169,68.4,3,0,0,7.0,86,3
Bernardo Mota,Veiga de Carvalho e Silva,4,,1,34,341,6,110.8,204.4,294.0,2,141,60.9,1,0,2,14.7,79,3
David,Silva,1,,5,37,408,4,136.5,141.2,176.0,3,137,45.4,3,0,0,10.1,76,3
Phil,Foden,0,,0,1,10,0,0.4,1.0,0.0,0,3,0.1,0,0,0,0.3,52,3
Fernando,Luiz Rosa,0,,0,6,233,1,13.7,75.4,2.0,0,51,9.2,1,0,0,0.7,52,3
Ilkay,Gündogan,0,,0,8,325,7,97.9,45.6,55.0,0,55,19.8,0,0,0,1.4,52,3
José Ángel,Esmorís Tasende,0,,0,0,45,0,34.7,12.8,2.0,0,14,5.0,0,0,1,0.1,47,2
Rodrigo,Hernandez,1,,0,21,559,6,114.9,153.0,63.0,1,130,33.1,3,0,1,1.7,55,3
João Pedro Cavaco,Cancelo,0,,0,2,37,0,3.1,5.8,0.0,0,12,0.9,0,0,0,0.8,53,2
Eric,Garcia,0,,0,1,27,0,0.6,9.6,0.0,0,4,1.0,0,0,0,0.0,45,2
Aaron,Wan-Bissaka,0,,0,18,540,6,76.2,130.2,21.0,2,112,22.8,2,0,2,21.4,55,2
Harry,Maguire,0,,0,19,630,7,43.4,148.8,88.0,0,121,28.1,2,0,1,15.1,55,2
Chris,Smalling,0,,0,0,0,0,0.0,0.0,0.0,0,0,0.0,0,0,0,0.1,53,2
Ashley,Young,0,,0,9,416,5,175.7,60.8,12.0,0,68,24.9,1,0,3,0.4,54,2
Victor,Lindelöf,0,,0,21,630,7,26.7,116.2,0.0,2,119,14.3,2,0,1,1.4,54,2
Luke,Shaw,0,,0,9,213,2,58.4,34.0,10.0,0,50,10.2,1,0,0,0.7,54,2
Marcos,Rojo,0,,0,0,0,0,0.0,0.0,0.0,0,0,0.0,0,0,0,0.1,48,2
Eric,Bailly,0,,0,0,0,0,0.0,0.0,0.0,0,0,0.0,0,0,0,0.0,49,2
José Diogo,Dalot Teixeira,0,,0,0,0,0,0.0,0.0,0.0,0,0,0.0,0,0,0,0.1,49,2
Matteo,Darmian,0,,0,0,0,0,0.0,0.0,0.0,0,0,0.0,0,0,0,0.1,49,2
Phil,Jones,0,,0,0,0,0,0.0,0.0,0.0,0,0,0.0,0,0,0,0.1,48,2
Romelu,Lukaku,0,,0,0,0,0,0.0,0.0,0.0,0,0,0.0,0,0,0,0.4,85,4
Marcus,Rashford,3,,2,36,593,6,121.8,165.2,278.0,7,126,56.6,2,0,1,10.6,84,4
Mason,Greenwood,0,,0,5,63,1,4.9,6.4,32.0,0,13,4.0,0,0,0,13.0,44,4
David,de Gea,0,,0,30,630,7,0.0,157.4,0.0,5,123,15.7,2,0,0,17.6,56,1
Sergio,Romero,0,,0,0,0,0,0.0,0.0,0.0,0,0,0.0,0,0,0,0.2,48,1
Lee,Grant,0,,0,0,0,0,0.0,0.0,0.0,0,0,0.0,0,0,0,0.1,49,1
Paul,Pogba,0,,2,15,450,5,168.0,98.6,67.0,0,67,33.4,1,0,0,4.1,84,3
Anthony,Martial,2,,1,19,270,3,34.7,93.6,136.0,0,49,26.5,1,0,1,3.3,75,3
Alexis,Sánchez,0,,0,0,0,0,0.0,0.0,0.0,0,0,0.0,0,0,0,0.4,68,3
Jesse,Lingard,0,,0,8,344,4,57.7,12.8,37.0,0,18,10.7,1,0,2,0.9,64,3
Juan,Mata,0,,0,9,234,3,63.9,18.6,48.0,0,31,12.9,1,0,1,0.4,63,3
Daniel,James,3,,0,27,554,7,65.5,134.4,203.0,1,76,39.9,1,0,3,12.1,62,3
Frederico,Rodrigues de Paula Santos,0,,0,3,58,1,32.5,20.4,5.0,0,17,5.8,0,0,0,0.1,53,3
Angel,Gomes,0,,0,1,9,1,1.0,0.2,0.0,0,3,0.1,0,0,0,0.1,48,3
Andreas,Pereira,0,,1,15,394,4,77.0,59.0,110.0,0,42,24.6,2,0,1,0.5,50,3
Nemanja,Matic,0,,0,6,158,1,8.1,25.2,32.0,0,22,6.5,1,0,0,0.4,48,3
Scott,McTominay,1,,1,29,615,6,80.9,147.8,107.0,5,109,33.5,2,0,0,1.8,50,3
Tahith,Chong,0,,0,1,20,0,0.4,1.4,0.0,0,3,0.2,0,0,0,0.7,44,3
James,Garner,0,,0,0,0,0,0.0,0.0,0.0,0,0,0.0,0,0,0,0.3,44,3
Axel,Tuanzebe,0,,0,3,91,1,3.4,3.4,0.0,0,11,0.7,0,0,0,0.1,44,2
Brandon,Williams,0,,0,0,0,0,0.0,0.0,0.0,0,0,0.0,0,0,0,0.1,40,2
Matt,Ritchie,0,,0,8,270,4,98.0,48.6,12.0,0,49,15.8,1,0,1,0.2,54,2
Fabian,Schär,1,,0,25,613,13,5.3,188.2,66.0,2,112,25.9,2,0,1,2.5,50,2
DeAndre,Yedlin,0,,0,1,16,1,0.3,1.2,0.0,0,3,0.2,0,0,0,0.0,44,2
Federico,Fernández,0,,0,3,23,0,0.0,10.6,0.0,0,11,1.0,0,0,0,0.1,44,2
Paul,Dummett,0,,0,16,630,13,21.7,133.6,42.0,2,111,19.5,2,0,2,0.3,45,2
Javier,Manquillo,0,,0,10,215,2,13.6,34.8,6.0,1,47,5.5,1,0,1,0.1,44,2
Florian,Lejeune,0,,0,0,0,0,0.0,0.0,0.0,0,0,0.0,0,0,0,0.0,45,2
Jamaal,Lascelles,0,,0,18,621,13,12.8,137.0,28.0,0,115,17.8,2,0,0,5.0,44,2
Ciaran,Clark,0,,0,0,0,0,0.0,0.0,0.0,0,0,0.0,0,0,0,0.1,44,2
Yoshinori,Muto,0,,0,5,101,3,3.3,2.0,12.0,0,9,1.5,0,0,0,0.1,53,4
Jose Luis,Mato Sanmartín,0,,0,0,0,0,0.0,0.0,0.0,0,0,0.0,0,0,0,0.0,50,4
Martin,Dubravka,0,,0,21,630,13,0.0,135.0,0.0,0,113,13.6,2,0,0,0.9,50,1
Karl,Darlow,0,,0,0,0,0,0.0,0.0,0.0,0,0,0.0,0,0,0,0.1,44,1
Frederick,Woodman,0,,0,0,0,0,0.0,0.0,0.0,0,0,0.0,0,0,0,0.9,40,1
Miguel,Almirón,0,,0,15,571,11,46.7,50.8,125.0,0,44,22.3,2,0,1,0.5,58,3
Christian,Atsu,0,,2,17,424,9,132.0,83.2,33.0,0,55,24.9,2,0,1,0.2,54,3
Sung-yueng,Ki,0,,0,4,135,6,39.8,17.8,0.0,0,18,5.8,0,0,0,0.1,48,3
Jonjo,Shelvey,1,,0,14,305,6,95.3,70.4,57.0,1,58,22.3,1,0,0,0.3,50,3
Sean,Longstaff,0,,1,12,352,8,66.7,71.4,25.0,0,49,16.4,1,0,1,0.4,50,3
Isaac,Hayden,0,,1,16,582,13,55.3,119.6,54.0,2,73,23.0,2,1,1,5.7,45,3
Joelinton Cássio,Apolinário de Lira,1,,0,19,575,10,102.7,75.6,157.0,3,72,33.5,2,0,2,1.4,59,4
Jack,Colback,0,,0,0,0,0,0.0,0.0,0.0,0,0,0.0,0,0,0,0.2,44,3
Jacob,Murphy,0,,0,0,0,0,0.0,0.0,0.0,0,0,0.0,0,0,0,0.0,48,3
Jetro,Willems,1,,0,16,297,5,28.7,59.4,47.0,0,68,13.6,1,0,0,0.3,45,2
Rolando,Aarons,0,,0,0,0,0,0.0,0.0,0.0,0,0,0.0,0,0,0,0.0,49,3
Allan,Saint-Maximin,0,,0,3,56,0,12.4,12.6,26.0,0,11,5.0,0,0,0,0.2,54,3
Emil,Krafth,0,,0,10,413,11,9.3,52.4,30.0,0,64,9.2,1,0,0,0.1,45,2
Andy,Carroll,0,,0,2,35,2,12.0,10.4,6.0,0,4,2.9,0,0,0,0.1,54,4
Matthew,Longstaff,0,,0,0,0,0,0.0,0.0,0.0,0,0,0.0,0,0,0,0.0,45,3
Timm,Klose,0,,0,0,0,0,0.0,0.0,0.0,0,0,0.0,0,0,0,0.0,44,2
Ben,Godfrey,0,,0,7,630,16,4.9,161.6,13.0,0,121,18.0,0,0,0,0.3,45,2
Maximillian,Aarons,0,,0,3,450,12,34.4,71.4,50.0,0,51,15.5,0,0,2,1.4,44,2
Christoph,Zimmermann,0,,0,1,35,1,0.0,6.6,2.0,0,3,0.9,0,0,0,0.0,45,2
Jamal,Lewis,0,,0,11,629,15,102.3,139.6,20.0,0,114,26.2,1,0,0,0.4,45,2
Grant,Hanley,0,,0,1,270,8,0.4,55.8,21.0,0,33,7.8,0,0,0,3.7,40,2
Teemu,Pukki,6,,2,53,622,16,91.7,274.6,327.0,9,205,69.2,0,0,0,44.4,72,4
Dennis,Srbeny,0,,0,2,10,0,0.1,6.2,0.0,0,10,0.6,0,0,0,0.1,53,4
Tim,Krul,0,,0,12,540,14,0.0,210.8,0.0,0,112,21.1,0,0,0,1.2,45,1
Michael,McGovern,0,,0,2,68,1,0.0,1.4,0.0,0,8,0.1,0,0,0,5.5,40,1
Mario,Vrancic,0,,0,2,15,1,11.0,2.8,20.0,0,5,3.4,0,0,0,0.1,62,3
Emiliano,Buendía,0,,4,28,622,15,251.6,191.0,116.0,3,117,55.9,0,0,1,2.0,60,3
Onel,Hernández,0,,0,1,20,0,0.6,0.0,22.0,0,0,2.1,0,0,0,0.1,53,3
Marco,Stiepermann,0,,0,12,523,14,70.9,43.4,110.0,0,41,22.4,1,0,2,0.1,54,3
Kenny,McLean,1,,0,14,381,10,37.1,109.0,19.0,0,95,16.4,0,0,1,0.2,49,3
Todd,Cantwell,2,,2,31,606,15,128.3,158.4,201.0,2,105,48.8,0,0,1,26.7,50,3
Moritz,Leitner,0,,0,10,459,9,91.4,80.0,25.0,0,73,19.7,0,0,1,0.3,45,3
Alexander,Tettey,0,,0,4,105,4,0.1,17.8,0.0,0,16,1.8,0,0,0,0.2,45,3
Tom,Trybull,0,,0,9,325,9,16.3,48.6,8.0,0,63,7.3,1,0,0,0.8,45,3
Josip,Drmic,0,,0,5,66,2,5.9,0.2,21.0,0,5,2.5,0,0,0,0.1,54,4
Patrick,Roberts,0,,0,2,10,1,0.3,3.0,0.0,0,8,0.3,0,0,0,0.1,53,3
Ralf,Fahrmann,0,,0,1,21,1,0.0,4.0,0.0,0,6,0.4,0,0,0,0.4,44,1
Sam,Byram,0,,0,2,181,5,8.7,69.6,24.0,0,26,10.2,0,0,1,0.1,44,2
Philip,Heise,0,,0,0,0,0,0.0,0.0,0.0,0,0,0.0,0,0,0,0.8,40,2
Ibrahim,Amadou,0,,0,6,324,7,1.8,79.0,0.0,0,42,8.1,0,0,1,0.1,45,3
Adam,Idah,0,,0,0,0,0,0.0,0.0,0.0,0,0,0.0,0,0,0,0.1,45,4
Lys,Mousset,1,,0,8,87,1,13.5,36.4,45.0,0,31,9.6,0,0,0,0.5,49,4
Enda,Stevens,0,,1,27,630,7,105.2,126.8,49.0,4,138,28.1,2,0,0,0.6,50,2
Kieron,Freeman,0,,0,0,0,0,0.0,0.0,0.0,0,0,0.0,0,0,0,0.1,43,2
Jack,O'Connell,0,,0,19,630,7,26.0,128.4,92.0,0,108,24.6,2,0,1,0.3,45,2
George,Baldock,0,,1,24,630,7,83.7,105.4,46.0,3,91,23.6,2,0,2,0.7,45,2
John,Egan,0,,0,21,630,7,2.4,129.4,10.0,1,113,14.3,2,0,0,0.2,45,2
Richard,Stearman,0,,0,0,0,0,0.0,0.0,0.0,0,0,0.0,0,0,0,2.7,40,2
John,Lundstram,1,,1,34,598,7,102.9,127.4,85.0,7,135,31.5,2,0,2,30.1,45,2
Billy,Sharp,1,,0,7,64,2,45.1,37.2,43.0,3,32,12.5,0,1,0,0.4,57,4
Jake,Eastwood,0,,0,0,0,0,0.0,0.0,0.0,0,0,0.0,0,0,0,0.2,44,1
Mark,Duffy,0,,0,0,0,0,0.0,0.0,0.0,0,0,0.0,0,0,0,0.0,53,3
John,Fleck,0,,0,8,388,3,132.8,67.0,90.0,0,58,29.0,1,0,2,0.1,48,3
Oliver,Norwood,0,,1,18,589,7,207.2,129.2,30.0,0,109,36.6,2,0,1,0.3,49,3
David,McGoldrick,0,,0,8,320,3,17.6,32.8,114.0,0,7,16.4,1,0,0,0.2,54,4
Chris,Basham,0,,0,20,594,7,28.6,113.2,27.0,0,94,16.9,2,0,0,0.2,45,2
Simon,Moore,0,,0,0,0,0,0.0,0.0,0.0,0,0,0.0,0,0,0,0.1,44,1
Luke,Freeman,0,,0,7,241,4,53.6,32.6,17.0,0,20,10.3,1,0,1,0.1,53,3
Phil,Jagielka,0,,0,2,27,0,0.0,18.4,0.0,0,10,1.8,0,0,0,0.4,43,2
Callum,Robinson,1,,1,20,414,4,15.7,39.8,104.0,1,33,15.7,1,0,0,0.6,53,3
Ravel,Morrison,0,,0,1,12,0,0.6,0.0,4.0,0,0,0.2,0,0,0,0.1,48,3
Dean,Henderson,0,,0,27,630,7,0.0,141.4,18.0,2,121,16.1,2,0,1,3.1,45,1
Ben,Osborn,0,,0,2,13,0,10.3,6.2,2.0,0,7,1.9,0,0,0,0.0,48,3
Oliver,McBurnie,1,,0,15,396,4,33.8,65.6,90.0,1,52,19.0,2,0,1,0.2,59,4
Michael,Verrips,0,,0,0,0,0,0.0,0.0,0.0,0,0,0.0,0,0,0,0.0,45,1
Muhamed,Bešić,0,,0,0,0,0,0.0,0.0,0.0,0,0,0.0,0,0,0,0.2,45,3
Leon,Clarke,0,,0,1,13,0,0.3,0.0,4.0,0,-1,0.3,0,0,0,0.0,45,4
Jannik,Vestergaard,1,,0,29,618,11,62.8,162.4,122.0,6,136,34.7,2,0,1,6.4,52,2
Ryan,Bertrand,0,,0,4,301,8,87.3,36.2,15.0,0,36,13.9,0,0,0,0.6,49,2
Yan,Valery,0,,0,3,232,5,32.4,34.8,28.0,0,22,9.5,0,0,0,0.2,48,2
Jan,Bednarek,0,,0,18,630,11,14.1,154.2,10.0,1,109,17.9,2,0,1,1.0,45,2
Jack,Stephens,0,,0,1,72,2,0.1,10.6,2.0,0,10,1.3,0,0,0,0.1,44,2
Maya,Yoshida,0,,0,9,283,4,2.9,58.4,64.0,1,49,12.5,1,0,1,0.4,44,2
Kayne,Ramsay,0,,0,0,0,0,0.0,0.0,0.0,0,0,0.0,0,0,0,1.3,40,2
Charlie,Austin,0,,0,0,0,0,0.0,0.0,0.0,0,0,0.0,0,0,0,0.1,60,4
Danny,Ings,2,,1,26,361,6,81.8,116.8,187.0,4,95,38.5,1,0,0,1.6,59,4
Michael,Obafemi,0,,0,2,31,2,0.4,0.0,4.0,0,2,0.4,0,0,0,0.2,50,4
Shane,Long,0,,0,3,31,0,2.2,5.4,0.0,0,5,0.8,0,0,0,2.6,48,4
Sam,Gallagher,0,,0,0,0,0,0.0,0.0,0.0,0,0,0.0,0,0,0,0.0,45,4
Fraser,Forster,0,,0,0,0,0,0.0,0.0,0.0,0,0,0.0,0,0,0,0.5,44,1
Alex,McCarthy,0,,0,0,0,0,0.0,0.0,0.0,0,0,0.0,0,0,0,0.4,44,1
Angus,Gunn,0,,0,26,630,11,0.0,153.8,0.0,3,121,15.5,2,0,0,3.6,45,1
Nathan,Redmond,1,,0,18,447,9,108.7,68.8,168.0,2,59,34.7,1,0,0,0.7,63,3
James,Ward-Prowse,1,,0,22,630,11,183.7,108.6,70.0,2,101,36.2,2,0,1,0.7,58,3
Mohamed,Elyounoussi,0,,0,0,0,0,0.0,0.0,0.0,0,0,0.0,0,0,0,0.0,53,3
Stuart,Armstrong,0,,0,5,65,2,2.3,7.0,26.0,0,8,3.6,0,0,1,0.1,53,3
Mario,Lemina,0,,0,0,0,0,0.0,0.0,0.0,0,0,0.0,0,0,0,0.1,48,3
Pierre-Emile,Højbjerg,0,,0,14,557,9,77.7,97.8,109.0,0,61,28.3,2,0,1,0.4,48,3
Tyreke,Johnson,0,,0,0,0,0,0.0,0.0,0.0,0,0,0.0,0,0,0,0.0,44,3
Callum,Slattery,0,,0,0,0,0,0.0,0.0,0.0,0,0,0.0,0,0,0,0.4,44,3
Oriol,Romeu Vidal,0,,0,14,603,10,85.5,109.4,19.0,0,104,21.4,2,0,2,1.2,45,3
Che,Adams,0,,1,15,445,6,75.9,16.8,167.0,0,26,25.3,2,0,0,0.5,57,4
Moussa,Djenepo,2,,0,16,123,0,13.1,92.0,63.0,3,65,16.9,1,0,2,0.1,53,3
Wesley,Hoedt,0,,0,0,0,0,0.0,0.0,0.0,0,0,0.0,0,0,0,0.0,43,2
Cédric,Soares,0,,0,9,270,4,55.6,66.2,14.0,0,53,13.6,1,0,0,0.2,49,2
Sofiane,Boufal,0,,2,17,358,7,103.0,86.4,147.0,0,53,33.6,1,0,0,0.2,55,3
Kevin,Danso,0,,1,8,207,3,14.4,34.8,0.0,0,33,5.0,1,1,0,0.0,45,2
Daniel,N'Lundulu,0,,0,0,0,0,0.0,0.0,0.0,0,0,0.0,0,0,0,0.1,45,4
Harry,Lewis,0,,0,0,0,0,0.0,0.0,0.0,0,0,0.0,0,0,0,0.0,40,1
Ben,Davies,0,,0,2,16,0,1.6,5.8,6.0,0,7,1.1,0,0,0,0.2,55,2
Jan,Vertonghen,0,,0,9,360,5,2.0,76.2,2.0,0,70,8.1,1,0,1,2.1,53,2
Toby,Alderweireld,0,,1,19,630,9,45.9,168.4,12.0,1,122,22.6,1,0,0,7.1,55,2
Danny,Rose,0,,0,12,612,9,133.7,127.0,26.0,0,100,28.7,1,0,3,2.4,55,2
Davinson,Sánchez,0,,0,5,360,6,14.5,67.0,23.0,0,55,10.4,0,0,1,0.9,54,2
Kieran,Trippier,0,,0,0,0,0,0.0,0.0,0.0,0,0,0.0,0,0,0,0.1,55,2
Juan,Foyth,0,,0,0,0,0,0.0,0.0,0.0,0,0,0.0,0,0,0,0.0,49,2
Serge,Aurier,0,,2,13,210,3,56.0,48.4,32.0,2,47,13.6,1,1,0,2.3,50,2
Kyle,Walker-Peters,0,,0,5,241,4,42.5,54.4,18.0,0,44,11.6,0,0,0,1.1,48,2
Harry,Kane,5,,1,44,624,9,62.7,215.8,267.0,7,157,54.5,1,0,0,20.2,110,4
Vincent,Janssen,0,,0,0,0,0,0.0,0.0,0.0,0,0,0.0,0,0,0,0.1,45,4
Hugo,Lloris,0,,0,22,540,7,0.0,206.0,0.0,0,123,20.6,1,0,0,8.7,55,1
Paulo,Gazzaniga,0,,0,2,90,2,0.0,38.6,0.0,0,18,3.9,0,0,0,0.3,44,1
Heung-Min,Son,2,,3,33,411,6,146.3,155.0,234.0,3,99,53.5,1,0,0,11.6,97,3
Christian,Eriksen,1,,1,21,425,6,182.5,120.4,100.0,3,93,40.2,1,0,2,3.9,88,3
Bamidele,Alli,0,,0,1,30,1,0.9,2.2,0.0,0,3,0.3,0,0,0,0.4,84,3
Lucas,Rodrigues Moura da Silva,1,,1,15,223,2,47.1,61.8,125.0,0,49,23.0,0,0,0,4.4,72,3
Erik,Lamela,2,,2,29,485,6,150.4,133.8,99.0,2,113,38.4,1,0,2,4.6,61,3
Harry,Winks,0,,0,11,544,9,100.6,108.6,27.0,0,87,23.5,1,0,3,0.3,54,3
Victor,Wanyama,0,,0,1,24,2,0.9,1.2,0.0,0,5,0.2,0,0,1,0.1,49,3
Moussa,Sissoko,0,,1,18,606,7,86.5,67.4,67.0,0,86,22.0,2,0,1,2.2,50,3
Eric,Dier,0,,0,1,12,0,0.2,3.2,17.0,0,0,2.0,0,0,0,0.2,49,3
Luke,Amos,0,,0,0,0,0,0.0,0.0,0.0,0,0,0.0,0,0,0,0.0,45,3
Oliver,Skipp,0,,0,2,2,0,0.2,5.0,0.0,0,6,0.5,0,0,0,0.5,44,3
Tanguy,Ndombele,2,,1,24,365,6,59.9,152.8,53.0,2,96,26.6,0,0,0,4.2,60,3
Troy,Parrott,0,,0,0,0,0,0.0,0.0,0.0,0,0,0.0,0,0,0,1.0,45,4
Giovani,Lo Celso,0,,0,3,44,0,24.4,8.8,1.0,0,9,3.4,0,0,0,0.2,73,3
Ryan,Sessegnon,0,,0,0,0,0,0.0,0.0,0.0,0,0,0.0,0,0,0,0.1,54,3
Georges-Kévin,Nkoudou,0,,0,1,2,0,0.0,0.0,18.0,0,3,1.8,0,0,0,0.0,50,3
Alfie,Whiteman,0,,0,0,0,0,0.0,0.0,0.0,0,0,0.0,0,0,0,0.2,40,1
José,Holebas,0,,0,0,527,19,129.2,92.2,29.0,0,63,24.9,0,0,4,1.4,47,2
Christian,Kabasele,0,,0,3,180,3,0.0,27.0,8.0,0,21,3.5,0,0,0,0.2,44,2
Adam,Masina,0,,0,0,0,0,0.0,0.0,0.0,0,0,0.0,0,0,0,0.1,44,2
Adrian,Mariappa,0,,0,-2,90,8,0.0,13.0,0.0,0,18,1.3,0,0,0,0.2,43,2
Francisco,Femenía Far,0,,0,3,540,18,124.0,79.0,25.0,0,65,22.9,0,0,2,0.4,43,2
Craig,Cathcart,0,,0,6,450,10,2.6,84.2,4.0,0,65,9.1,0,0,1,1.6,44,2
Daryl,Janmaat,0,,0,2,192,3,26.6,26.8,11.0,0,19,6.5,0,0,0,0.4,43,2
Marc,Navarro,0,,0,0,0,0,0.0,0.0,0.0,0,0,0.0,0,0,0,0.1,40,2
Sebastian,Prödl,0,,0,0,0,0,0.0,0.0,0.0,0,0,0.0,0,0,0,1.7,40,2
Troy,Deeney,0,,0,4,180,4,27.3,16.6,46.0,0,11,9.0,0,0,0,0.6,62,4
Gerard,Deulofeu,0,,1,15,415,15,173.3,85.0,268.0,2,55,52.4,0,0,1,2.0,61,4
Andre,Gray,1,,0,16,337,9,71.1,51.2,157.0,2,54,27.6,0,0,0,0.5,58,4
Isaac,Success Ajayi,0,,0,2,34,1,12.3,5.2,17.0,0,5,3.5,0,0,0,0.5,48,4
Ben,Foster,0,,0,12,630,20,10.0,145.8,0.0,2,97,15.6,0,0,0,1.6,48,1
Pontus,Dahlberg,0,,0,0,0,0,0.0,0.0,0.0,0,0,0.0,0,0,0,0.1,44,1
Abdoulaye,Doucouré,0,,0,11,610,20,131.6,83.8,133.0,0,74,34.9,0,0,1,1.0,57,3
Roberto,Pereyra,1,,0,12,354,8,106.8,68.4,112.0,0,44,28.7,0,0,1,1.0,57,3
Will,Hughes,1,,1,22,419,16,71.0,104.0,64.0,3,70,23.8,0,0,0,0.7,55,3
Tom,Cleverley,1,,0,18,456,16,148.1,90.0,172.0,2,90,41.1,0,0,0,0.3,49,3
Ken,Sema,0,,0,0,0,0,0.0,0.0,0.0,0,0,0.0,0,0,0,0.0,48,3
Etienne,Capoue,0,,0,10,532,19,37.9,70.8,20.0,0,76,12.9,0,0,2,0.4,48,3
Nathaniel,Chalobah,0,,0,1,19,0,1.4,0.0,6.0,0,2,0.7,0,0,0,0.2,45,3
Domingos,Quina,0,,0,1,4,0,0.2,0.0,0.0,0,2,0.0,0,0,0,0.1,45,3
Craig,Dawson,0,,0,5,630,20,3.3,119.2,106.0,0,80,22.9,0,0,1,0.2,49,2
Danny,Welbeck,0,,0,4,129,2,25.0,19.0,51.0,0,10,9.4,0,0,0,0.2,59,4
Heurelho da Silva,Gomes,0,,0,0,0,0,0.0,0.0,0.0,0,0,0.0,0,0,0,0.2,45,1
Ismaïla,Sarr,0,,0,5,153,4,31.0,4.0,36.0,0,7,7.0,0,0,0,0.1,63,3
Dimitri,Foulquier,0,,0,-1,32,5,0.1,3.4,0.0,0,5,0.4,0,0,0,0.1,40,2
Aaron,Cresswell,2,,0,21,270,7,7.6,93.6,53.0,2,54,15.5,1,0,0,1.9,49,2
Angelo,Ogbonna,0,,0,21,540,4,2.6,119.8,23.0,0,104,14.5,3,0,2,0.5,45,2
Arthur,Masuaku,0,,1,18,336,2,63.0,103.2,12.0,3,100,17.8,2,1,1,0.9,45,2
Pablo,Zabaleta,0,,0,2,31,0,0.5,3.8,0.0,0,7,0.5,0,0,0,0.6,44,2
Ryan,Fredericks,0,,0,24,619,9,67.8,106.2,40.0,2,123,21.4,3,0,1,0.9,45,2
Issa,Diop,0,,0,24,630,9,14.2,100.8,50.0,2,110,16.5,3,0,1,5.2,45,2
Fabián,Balbuena,0,,0,0,91,5,0.4,5.6,0.0,0,9,0.6,0,0,1,0.3,43,2
Winston,Reid,0,,0,0,0,0,0.0,0.0,0.0,0,0,0.0,0,0,0,3.2,39,2
Ben,Johnson,0,,0,0,0,0,0.0,0.0,0.0,0,0,0.0,0,0,0,1.5,40,2
Marko,Arnautovic,0,,0,0,0,0,0.0,0.0,0.0,0,0,0.0,0,0,0,0.1,70,4
Javier,Hernández Balcázar,1,,0,9,106,4,2.2,35.6,39.0,2,27,7.7,0,0,0,0.5,60,4
Alexandre Nascimento,Costa Silva,0,,0,0,0,0,0.0,0.0,0.0,0,0,0.0,0,0,0,1.3,44,4
Lukasz,Fabianski,0,,0,32,573,8,0.0,145.8,0.0,4,135,14.5,3,0,0,5.2,51,1
Michail,Antonio,0,,1,6,125,2,28.1,21.4,112.0,0,10,16.2,0,0,0,0.8,69,3
Felipe Anderson,Pereira Gomes,0,,3,23,456,5,167.9,147.2,198.0,0,116,51.4,3,0,1,4.6,69,3
Manuel,Lanzini,0,,2,22,470,7,235.9,97.4,103.0,3,107,43.5,2,0,0,1.8,65,3
Andriy,Yarmolenko,3,,0,33,376,3,105.3,139.6,143.0,5,107,38.9,3,0,0,4.8,60,3
Robert,Snodgrass,0,,0,4,144,4,37.5,20.4,42.0,0,16,10.0,0,0,1,0.2,53,3
Jack,Wilshere,0,,0,4,135,2,5.0,3.0,0.0,0,9,0.7,0,0,0,0.3,48,3
Declan,Rice,0,,0,16,630,9,36.8,120.8,27.0,0,100,18.4,3,0,1,1.8,49,3
Mark,Noble,1,,1,21,428,3,53.3,69.4,69.0,2,78,19.1,3,0,2,1.0,50,3
Carlos,Sánchez,0,,0,3,14,0,1.4,1.2,0.0,0,9,0.2,0,0,0,0.4,45,3
Grady,Diangana,0,,0,0,0,0,0.0,0.0,0.0,0,0,0.0,0,0,0,0.1,44,3
Pablo,Fornals,0,,0,11,319,7,74.1,41.0,88.0,0,47,20.3,1,0,0,0.3,61,3
Pedro,Obiang,0,,0,0,0,0,0.0,0.0,0.0,0,0,0.0,0,0,0,0.1,45,3
Roberto,Jimenez Gago,0,,0,2,56,1,0.0,20.4,0.0,0,11,2.0,0,0,0,0.5,44,1
Sébastien,Haller,3,,1,32,540,8,102.9,170.6,333.0,5,125,60.6,3,0,0,5.1,74,4
Albian,Ajeti,0,,0,0,0,0,0.0,0.0,0.0,0,0,0.0,0,0,0,0.0,58,4
Matt,Doherty,1,,1,29,390,4,22.8,67.4,112.0,3,80,20.3,2,0,0,2.7,60,2
Jonathan,Castro Otto,0,,0,17,540,8,44.7,100.8,58.0,0,87,20.3,2,0,1,0.9,54,2
Conor,Coady,0,,0,19,630,11,11.3,97.2,0.0,1,106,10.9,2,0,1,1.4,50,2
Ryan,Bennett,0,,0,9,360,5,32.0,74.4,14.0,0,60,12.1,1,0,2,0.5,49,2
Willy,Boly,0,,1,25,540,6,55.2,166.4,14.0,6,130,23.7,2,1,0,5.1,50,2
Rúben Gonçalo,Silva Nascimento Vinagre,0,,0,0,90,3,0.9,15.4,4.0,0,6,2.0,0,0,1,0.2,44,2
Romain,Saïss,1,,1,14,319,8,2.5,82.8,83.0,0,62,16.8,1,1,1,0.5,44,2
Max,Kilman,0,,0,0,0,0,0.0,0.0,0.0,0,0,0.0,0,0,0,2.4,40,2
Raúl,Jiménez,2,,0,24,583,10,100.8,114.6,202.0,3,85,41.6,2,0,1,8.7,72,4
Diogo,Jota,1,,0,18,452,9,63.7,66.2,195.0,3,46,32.4,1,0,0,4.0,62,4
Rui Pedro,dos Santos Patrício,0,,0,32,630,11,0.0,164.6,0.0,4,129,16.6,2,0,0,9.1,51,1
John,Ruddy,0,,0,0,0,0,0.0,0.0,0.0,0,0,0.0,0,0,0,0.5,44,1
Will,Norris,0,,0,0,0,0,0.0,0.0,0.0,0,0,0.0,0,0,0,0.7,40,1
Rúben Diogo,da Silva Neves,1,,0,17,469,10,47.6,96.6,57.0,1,73,20.3,1,0,2,6.8,55,3
João Filipe Iria,Santos Moutinho,0,,1,20,539,9,188.3,141.6,0.0,3,103,33.1,2,0,0,4.4,54,3
Morgan,Gibbs-White,0,,1,7,119,2,43.2,5.8,12.0,0,28,6.1,0,0,0,0.1,48,3
Adama,Traoré,0,,1,16,380,8,104.1,82.8,53.0,3,52,23.9,1,0,0,0.4,50,3
Hélder,Costa,0,,0,0,0,0,0.0,0.0,0.0,0,0,0.0,0,0,0,0.0,49,3
Ivan,Cavaleiro,0,,0,0,0,0,0.0,0.0,0.0,0,0,0.0,0,0,0,0.0,49,3
Leander,Dendoncker,0,,0,12,500,8,39.2,58.4,77.0,0,48,17.4,2,0,0,10.3,44,3
Jesús,Vallejo Lázaro,0,,0,0,90,5,5.7,20.4,0.0,0,12,2.6,0,0,0,0.3,48,2
Patrick,Cutrone,1,,0,11,151,4,20.4,42.8,100.0,0,33,16.2,0,0,0,0.7,57,4
Pedro,Lomba Neto,0,,1,7,114,0,26.9,29.0,29.0,0,20,8.4,0,0,1,0.0,50,3
